{"cameraMode":{"drawMode":0,"name":"Shaded","section":"Shading Mode"},"sceneLighting":false,"audioPlay":false,"sceneViewState":{"m_AlwaysRefresh":false,"showFog":true,"showSkybox":false,"showFlares":true,"showImageEffects":true,"showParticleSystems":true,"showVisualEffectGraphs":true,"m_FxEnabled":true},"in2DMode":false,"pivot":{"x":19.827167510986329,"y":0.8361623287200928,"z":10.427742004394532},"rotation":{"x":-0.18409769237041474,"y":0.6777533292770386,"z":-0.18124793469905854,"w":-0.6884110569953919},"size":0.7954007983207703,"orthographic":false}